mse_CKF_true,mse_CKF_APBM_true,mse_CKF_PBM,mse_CKF_APBM
4.5609583e-36,0.206663,1.0,-0.19999999
9.58e-43,0.18737969,0.0,0.19999999
0.0,0.204595,0.0,0.0
0.0,0.19315742,0.0,0.25113133
0.0,0.191585,1.0,-0.02
0.0,0.20080517,0.0,0.0
0.0,0.19414364,0.0,-0.30852324
0.0,0.200283,0.0,0.0
0.0,0.19815694,1.0,-0.053333335
0.0,0.2021443,0.0,0.0
