mse_CKF_true,mse_CKF_APBM_true,mse_CKF_PBM,mse_CKF_APBM
0.24422117,0.22506413,1.0284547,0.24332783
0.22533661,0.20599402,1.0247471,0.21979168
0.24404329,0.22794157,1.0162666,0.23676576
0.22363627,0.23409936,1.0012821,0.25125465
0.23186122,0.21761239,1.0193151,0.22763894
0.23535916,0.23048373,1.0356516,0.2436741
0.22913232,0.22657193,1.0172696,0.24443579
0.23681994,0.22350724,1.0534419,0.23889057
0.23377742,0.22418205,1.0158008,0.24011858
0.2426738,0.22394115,1.015014,0.23117942
